obs_id,at_point,from_point,to_point,angle,sigma
ANG001,T1,CP1,T2,202.6198,0.000024
ANG002,T2,T1,T3,247.3795,0.000024
ANG003,T3,T2,CP2,202.6203,0.000024
ANG004,T1,CP1,T3,236.3097,0.000024
ANG005,T2,T1,CP2,258.6905,0.000024
