obs_id,from_point,to_point,direction,sigma,set_id
DIR001,CP1,T1,33.6905,0.000024,SET1
DIR002,CP1,T2,45.0003,0.000024,SET1
DIR003,CP1,CP2,90.0001,0.000024,SET1
DIR004,T1,T2,56.3095,0.000024,SET2
DIR005,T1,T3,89.9998,0.000024,SET2
DIR006,T1,CP2,110.5565,0.000024,SET2
DIR007,T2,T3,123.6897,0.000024,SET3
DIR008,T2,CP2,135.0002,0.000024,SET3
DIR009,T3,CP2,146.3102,0.000024,SET4
DIR010,T3,T1,270.0005,0.000024,SET4
