obs_id,from_point,to_point,dE,dN,dH,cov_EE,cov_EN,cov_EH,cov_NN,cov_NH,cov_HH
BL001,CORS,TS01,100.0015,99.9988,1.8025,0.000016,0.000002,0.000001,0.000016,0.000001,0.000144
BL002,CORS,TS02,149.9992,200.0018,3.2035,0.000016,0.000002,0.000001,0.000016,0.000001,0.000144
BL003,CORS,TS04,300.0028,249.9975,4.5042,0.000020,0.000003,0.000002,0.000020,0.000002,0.000169
BL004,BM01,TS03,49.9985,150.0022,-0.3985,0.000016,0.000002,0.000001,0.000016,0.000001,0.000144
BL005,BM01,TS04,100.0018,250.0008,2.0028,0.000020,0.000003,0.000002,0.000020,0.000002,0.000169
BL006,CORS,BM01,200.0002,-0.0008,2.5015,0.000012,0.000001,0.000001,0.000012,0.000001,0.000100
