obs_id,from_point,to_point,direction,sigma,set_id
DIR001,TS01,TS02,26.5655,0.000024,SET1
DIR002,TS01,TS03,71.5648,0.000024,SET1
DIR003,TS01,TS04,53.1305,0.000024,SET1
DIR004,TS02,TS03,116.5652,0.000024,SET2
DIR005,TS02,TS04,71.5658,0.000024,SET2
DIR006,TS03,TS04,26.5648,0.000024,SET3
DIR007,BM01,TS03,18.4352,0.000024,SET4
DIR008,BM01,TS01,315.0002,0.000024,SET4
